name,location,price,capacity,rating,reviews,description
Atlanta Botanical Garden,"Atlanta, GA",$$$,151-200 Guests,4.7,21,"The Atlanta Botanical Garden is a versatile indoor/outdoor wedding venue in Atlanta, GA, offering lush lawns and tropical foliage."
Monday Night Brewing: The Garage,Metro Atlanta,$$,300+ Guests,4.9,14,Monday Night Garage is one of Atlanta’s most charming private event spaces with high ceilings and ample natural light.
Park Tavern: The Piedmont Room & Piedmont Garden Tent,Georgia,$$,251-300 Guests,4.7,132,"Located overlooking Piedmont Park, the venues celebrate city skylines tucked among trees and seasonal colors."
Journeyman's Hall,"Atlanta, GA",$$,151-200 Guests,5,3,"Journeyman's Hall is a wedding venue in South Downtown Atlanta, led by Chef Vincent Marra."
Factory Atlanta,"Atlanta, GA",$$$,300+ Guests,5,6,Factory Atlanta is a versatile wedding venue perfect for couples who love to get creative.
Grana,"Atlanta, GA",$$,151-200 Guests,5,1,Grana offers authentic Southern Italian cuisine in a warm and inviting setting for wedding receptions.
FORTH Hotel Atlanta,Georgia,$$$$,201-250 Guests,0,0,FORTH Hotel Atlanta is a deluxe wedding venue boasting an elegant ballroom and state-of-the-art facilities.
Hyatt Regency Atlanta Perimeter at Villa Christina,"Atlanta, GA",$$$,300+ Guests,4.6,63,"Villa Christina at Hyatt Regency is surrounded by 83 acres of landscaped gardens, offering captivating views."
Ambient + Studio,"Atlanta, GA",$$,251-300 Guests,4.4,9,"Ambient + Studio is a unique wedding venue built in 1910, offering a historic charm."
Wahoo! Grill,"Decatur, GA",$$,201-250 Guests,5,100,"Wahoo! Grill provides a full-service experience for weddings, receptions, and rehearsal dinners."
The Kimpton Shane,"Atlanta, GA",$$$,51-100 Guests,0,0,The Kimpton Shane is a boutique hotel venue specializing in weddings and events.
Ecco Buckhead,"Atlanta, GA",$$$,300+ Guests,0,0,Ecco Buckhead is an enchanting restaurant wedding venue located in the vibrant Buckhead neighborhood.
The White Bull,"Decatur, GA",$$,51-100 Guests,0,0,The White Bull specializes in Italian farm-to-table cuisine in a restaurant wedding venue.
Emory Conference Center Hotel,"Atlanta, GA",$$,300+ Guests,4.8,41,Emory Conference Center Hotel offers elegance and unique surroundings in a convenient location.
Historic DeKalb Courthouse,"Decatur, GA",$$,101-150 Guests,4.9,85,The Historic DeKalb Courthouse features an elegant courtroom clad in white marble.
The Wimbish House,"Atlanta, GA",$$,201-250 Guests,4.9,85,The Wimbish House is a Victorian-era home known as ‘The Light on Peachtree’ for weddings and events.
Renaissance Atlanta Midtown Hotel,Midtown Atlanta,$$$,300+ Guests,5,2,Renaissance Atlanta Midtown Hotel is located in the heart of the arts and music district.
SCAD Ivy Hall,Georgia,$$,101-150 Guests,4.5,4,SCAD Ivy Hall is a historic wedding venue originally constructed in 1883.
Waldorf Astoria Atlanta Buckhead,"Atlanta, GA",$$$$,51-100 Guests,5,8,Waldorf Astoria Atlanta Buckhead offers unforgettable luxury and Southern charm.
Intercontinental Buckhead Atlanta,"Atlanta, GA",$$$,300+ Guests,5,9,InterContinental Buckhead Atlanta combines classic charm with modern luxury.
Wrecking Bar Brewpub,"Atlanta, GA",$$,201-250 Guests,5,6,The Marianna at Wrecking Bar Brewpub is a historic mansion wedding venue.
42West Entertainment Group,"Atlanta, GA",$$$,251-300 Guests,5,2,42West Entertainment Group offers a blend of industrial modernity and refined elegance.
Hotel Colee,"Atlanta, GA",$$$,251-300 Guests,0,0,Hotel Colee is recognized as one of the best hotels in the South.
The Westside Warehouse,"Atlanta, GA",$$,201-250 Guests,5,37,The Westside Warehouse is located in Atlanta’s west-midtown creative district.
Omni Atlanta Hotel at Centennial Park,"Atlanta, GA",$$$,300+ Guests,1,1,Omni Atlanta Hotel at CNN Center is perfect for weddings with banquet and catering services.
Kimpton Sylvan Hotel,"Atlanta, GA",$$$,101-150 Guests,4.2,41,The Kimpton Sylvan Hotel is a boutique wedding venue in the heart of Buckhead.
THE TROLLEY BARN,"Atlanta, GA",$$,201-250 Guests,5,4,This 1889 structure features hardwood floors and a garden area off the main hall.
Grand Hyatt Atlanta in Buckhead,"Atlanta, GA",$$$,300+ Guests,5,2,Grand Hyatt Atlanta offers an urban retreat with exceptional service.
Renaissance Concourse Atlanta Airport Hotel,"Atlanta, GA",$$$,300+ Guests,0,0,Renaissance Concourse Atlanta Airport Hotel combines luxury and convenience.
Swan Coach House,"Atlanta, GA",$$,101-150 Guests,5,4,Swan Coach House is a historic space originally part of Atlanta’s famed Inman family estate.
Epicurean Hotel Atlanta,"Atlanta, GA",$$$,101-150 Guests,5,3,Epicurean Hotel Atlanta is a luxe and lavish wedding venue inspired by the sleek aesthetics of today's architecture.
Callanwolde Fine Arts Center,"Atlanta, GA",$$$,151-200 Guests,4.6,38,Callanwolde Fine Arts Center is a unique wedding venue with a century-long legacy in Atlanta's Druid Hills neighborhood.
Enon Ranch,"Atlanta, GA",$$,251-300 Guests,5,2,"Enon Ranch is a beautiful rustic event space that aims to create a space for love, celebration, and cherished moments."
Pristine Chapel Lakeside,"Jonesboro, GA",$$,251-300 Guests,4.8,103,Pristine Chapel is a luxe ceremony and reception venue offering couples sweeping views and a charming atmosphere.
The Atrium,"Norcross, GA",$$,101-150 Guests,4.9,151,The Atrium is a contemporary wedding venue situated on a magnificent garden property with neo-classical design.
Kimball Hall,"Roswell, GA",$$,151-200 Guests,5,162,Kimball Hall is a newly refurnished venue with indoor and outdoor ceremony sites and a brand new outdoor courtyard.
Stanley House Mansion,"Marietta, GA",$$,101-150 Guests,5,48,"Stanley House Mansion is a stunning wedding venue dating back to the late 19th century, exuding history and classic Southern charm."
Brick and Ivey,"Marietta, GA",$$,151-200 Guests,5,100,Brick and Ivey is North Atlanta's newest wedding venue featuring exposed all white brick walls and two bridal suites.
Primrose Cottage,"Roswell, GA",$$,300+ Guests,4.9,272,Primrose Cottage is an enchanting three-story home situated on a stately front lawn in Historic Roswell.
Roswell Historic Hall,"Roswell, GA",$$,300+ Guests,4.3,49,Roswell Historic Hall is an event venue that offers a variety of celebrations including weddings and corporate events.
Naylor Hall,"Roswell, GA",,201-250 Guests,5,173,Naylor Hall is a grand venue that has been beautifully renovated while retaining its historical charm.
Country Club of Roswell,"Roswell, GA",$$,201-250 Guests,4.7,23,Country Club of Roswell offers a versatile space for both intimate and larger scaled receptions.
Vecoma At The Yellow River,"Snellville, GA",$$,251-300 Guests,4.9,199,Vecoma at the Yellow River is an all-inclusive wedding venue nestled on 70 acres of lush forest along the scenic Yellow River.
Olde Towne Special Events,"Atlanta, GA",$$,251-300 Guests,5,66,Olde Towne Special Events is a full-service events facility that hosts weddings and other milestone occasions.
Little Gardens,"Lawrenceville, GA",$$,251-300 Guests,4.9,215,Little Gardens is a serene wedding venue featuring a manor house and lavish green grounds.
Ivy Hall,"Roswell, GA",$$$,201-250 Guests,4.9,89,"Ivy Hall is a unique venue with a rich history, originally built in the 19th century."
Flint Hill,"Norcross, GA",$$,251-300 Guests,4.8,205,Flint Hill is a beautifully restored historic mansion featuring recently renovated farmhouse décor.
The 173 Carlyle House,"Norcross, GA",$$,300+ Guests,4.8,41,"173 Carlyle House is a beautiful turn-of-the-century mansion with elegant, spacious rooms and manicured grounds."
Roswell Mill Club,"Roswell, GA",$$,151-200 Guests,4.8,38,"Roswell Mill Club is a cherished piece of Southern history, rebuilt in 1882 after being destroyed in the Civil War."
Eden Garden House,"Lithonia, GA",$$$,151-200 Guests,5,1,Eden Garden House is a beautiful venue that has undergone many renovations to create a perfect setting for special events.
Brumby Hall & Gardens,"Marietta, GA",$$,151-200 Guests,4,2,"Brumby Hall & Gardens is a historic venue surrounded by meticulously kept gardens, home to the Marietta Gone with the Wind Museum."
Whitestone Reserve,"Austell, GA",$$,101-150 Guests,5,21,Whitestone Reserve is a stunning new wedding venue featuring gorgeous chandeliers and tranquil surroundings.
The Foxglove,"Marietta, GA",$$,300+ Guests,5,3,The Foxglove is a characterful venue located in the heart of Marietta's historic district.
The Reserves at Hamilton Homes,"Mableton, GA",$$$,101-150 Guests,5,1,The Reserves at Hamilton Homes features gorgeous sunset views and timeless interiors.
Huntcliff River Club,"Atlanta Area, GA",$$,101-150 Guests,4.9,30,Huntcliff River Club is surrounded by century-old river oaks and manicured lawns near the Chattahoochee River.
Chattahoochee Nature Center,"Roswell, GA",$$,151-200 Guests,4.8,38,Chattahoochee Nature Center is a wedding venue that connects people with nature in a beautiful setting.
Westin Atlanta Airport,"Atlanta, GA",,300+ Guests,4,4,The Westin Atlanta Airport offers convenient access for out-of-town guests with a short shuttle ride from the airport.
Ashton Gardens Atlanta by Walters Wedding Estates,"Sugar Hill, GA",$$$,251-300 Guests,4.8,476,"Ashton Gardens is the Atlanta area’s premier wedding venue, featuring a signature glass chapel surrounded by lush landscapes."
Conservatory at Waterstone,"Acworth, GA",$$,201-250 Guests,4.9,102,Conservatory at Waterstone is a historic banquet hall wedding venue offering all-inclusive solutions for clients.
The Wildflower Barn at Little River Farms,"Alpharetta, GA",$,101-150 Guests,5.0,81,"The Wildflower Barn at Little River is a historic, family owned barn that has been renovated to accommodate weddings and special events."
Little River Farms,"Alpharetta, GA",$$,201-250 Guests,4.9,188,"Little River Farms is a wedding venue in Alpharetta, GA, offering a peaceful retreat away from the hustle and bustle of the city."
Payne Corley House,"Duluth, GA",$$,151-200 Guests,5.0,190,The Payne-Corley House is a restored farmhouse that offers a tranquil retreat for your celebrations.
The Grande At Kennesaw,"Kennesaw, GA",$$,201-250 Guests,4.0,10,The Grande At Kennesaw is a charming Victorian-style farmhouse and wedding venue nestled on 2.5 acres of stunning landscaped gardens.
Venue 92,"Woodstock, GA",$$,151-200 Guests,4.9,89,"Venue 92 can fulfill any vision you have for your big day, whether it's a romantic garden affair or an all-out party atmosphere."
TPC Sugarloaf,"Duluth, GA",$$$,201-250 Guests,5.0,36,"TPC Sugarloaf is an elegant wedding venue located in Duluth, Georgia, overlooking the 18th hole of their championship golf course."
Che'ne Rouge,"Hiram, GA",$$,151-200 Guests,4.9,7,Che’ne Rouge Weddings is a premier wedding venue offering an elegant setting for your celebrations.
Douglasville Conference Center,"Douglasville, GA",$$,300+ Guests,3.0,1,The Douglasville Conference Center is a wedding venue with elegant spaces and exemplary service.
SomeTheme Weddings & Events,Metro Atlanta and Surrounding Areas,$$$,51-100 Guests,5.0,6,"Our venue exudes timeless elegance without feeling stuffy or outdated, featuring 11 ft windows."
Foxhall Resort,"Douglasville, GA",$$$,201-250 Guests,4.2,63,Foxhall Resort is a picturesque wedding venue that provides couples with a full weekend experience.
Genesis Ballroom,Atlanta Metropolitan Area,$$,251-300 Guests,,,Genesis Ballroom is an opulent wedding venue perfect for lavish occasions.
Governors Towne Club,"Acworth, GA",$$,201-250 Guests,4.2,13,"Governors Towne Club is an elegant event and wedding venue nestled in Acworth, GA."
Kite Manor Events & Studio,"Fayetteville, GA",$$$,51-100 Guests,,,Kite Manor Events & Studio offers polished modern indoor areas as well as rustic outdoor spaces.
Hilton Alpharetta Atlanta,"Alpharetta, GA",$$,251-300 Guests,5.0,1,"Hilton Alpharetta Atlanta is a hotel and wedding venue situated in Alpharetta, Georgia."
Hazlehurst House,"McDonough, GA",$$,251-300 Guests,4.8,54,"Hazelhurst House is a wedding venue located in McDonough, GA, sitting on three acres of private land."
Vines Mansion & Gardens,"Loganville, GA",$$,300+ Guests,4.6,31,"Vines Mansion allows you to bring in your own catering company, DJ, cake, officiant, drinks, and more."
The Grand Ivy Point,"Suwanee, GA",$$,300+ Guests,3.0,2,"The Grand Ivy Point is designed to host a variety of special events, from weddings to corporate gatherings."
Atlanta Marriott Alpharetta,"Alpharetta, GA",$$,300+ Guests,5.0,2,The Atlanta Marriott Alpharetta is a luxurious hotel venue perfect for sophisticated events.
St Ives Country Club,"Johns Creek, GA",$$$,201-250 Guests,4.7,14,St Ives Country Club is one of Atlanta's most stunning wedding venues with a majestic clubhouse.
Breckinridge Banquet Hall,"Duluth, GA",$$,101-150 Guests,4.8,27,Breckinridge Banquet Hall offers a memorable locale for your wedding celebrations.
Cherry Hollow Farm,"Chattahoochee Hills, GA",$$,151-200 Guests,5.0,6,Cherry Hollow Farm is a one-of-a-kind indoor/outdoor wedding and event venue.
Atlanta Cosmopolitan Event Center,"Douglasville, GA",$$,300+ Guests,0.0,0,Atlanta Cosmopolitan Event Center offers everything you need to bring your dream wedding event to life.
The Wheeler House and Barn,"Ball Ground, GA",$$,251-300 Guests,4.9,117,The Wheeler House is a rustic barn wedding venue bursting with Southern charm.
Carl House,"Auburn, GA",$$$,201-250 Guests,4.8,185,Carl House is a historic home presented as an elegant destination for wedding celebrations.
Koury Farms Weddings & Events,"Auburn, GA",$$,151-200 Guests,5.0,110,Koury Farms Weddings & Events is a rustic venue that focuses on every detail of your wedding.
The Venue at Stillwater Pond,"Temple, GA",$$,151-200 Guests,,,The Venue at Stillwater Pond is a stunning wedding venue located on 53 acres of picturesque property.
The Engine Room,"Monroe, GA",,300+ Guests,4.9,32,The Engine Room offers historical elegance with modern convenience.
Bradford House and Gardens,"Flowery Branch, GA",$$,101-150 Guests,5.0,42,Bradford House and Gardens is a classic southern home wedding venue nestled on seven gorgeous acres.
Bullock Springs Manor,"Dallas, GA",$$,151-200 Guests,4.4,16,Bullock Springs Manor is a premier barn and farm wedding venue located on 8 acres of luscious land.
In The Woods,"Rockmart, GA",$$$,201-250 Guests,5.0,23,In the Woods is North Georgia's newest state-of-the-art Wedding and Event Venue.
Vinewood Stables,"Newnan, GA",$$$,201-250 Guests,4.9,88,"Vinewood Stables is a historic homestead and wedding venue located in the quaint community of Newnan, GA."
Lillian Gardens,"Newnan, GA",$$$,151-200 Guests,5,37,Lillian Gardens is a full-service event venue dedicated to providing professional planning services for all special occasions.
Lanier Islands Weddings,"Buford, GA",$$$,300+ Guests,4.7,170,"Located 45 minutes North of Atlanta, Lanier Islands Weddings provides breathtaking backdrops and world-class amenities."
Fendley Farmstead LLC,"Canton, GA",$$,151-200 Guests,5,114,"Fendley Farmstead, LLC is a picturesque farm wedding venue located in Canton, GA."
The Gathering at Golden Creek,"Bremen, GA",$$$,201-250 Guests,0,0,"Situated on 23 acres of peaceful property, The Gathering at Golden Creek is a wedding venue located in Bremen, GA."
Hi-Def Events,GA,$$,251-300 Guests,5,11,Hi-Def Events offers a modern yet timeless event venue setting ideal for wedding celebrations.
Mystic Acres Barn,"Griffin, GA",$$,251-300 Guests,0,0,"Mystic Acres Barn is a beautiful wedding venue located in Griffin, GA."
Cherokee County Conference Center @ The Bluffs,"Canton, GA",,251-300 Guests,5,3,"The venue features over 8,000 sq ft of conference space with advanced technology."
Four Oaks Manor,"North Georgia, Metro-Atlanta",$$,101-150 Guests,4.7,50,"Four Oaks Manor is a garden wedding venue located in Buford, GA."
"The Venue at Sharp Mountain, LLC","Jasper, GA",$$$,251-300 Guests,5,53,"The Venue at Sharp Mountain, LLC is a wedding and events venue located in Jasper, GA."
The Willows Farm,"Marble Hill, GA",$$,201-250 Guests,5,96,The Willows Farm is a country event venue that hosts weddings and other special occasions.
The Farm At Rivers Edge,"Dawsonville, GA",$$,51-100 Guests,0,0,The Farm at River’s Edge is the perfect destination for an unforgettable river wedding.
White Laurel Estate,"Dawsonville, GA",$$$,151-200 Guests,5,39,White Laurel Estate is a former equestrian farm now transformed into a beautiful wedding venue.
Sage Cottage,"Adairsville, GA",$$,151-200 Guests,4.6,11,"Sage Cottage is the premier wedding venue in North Georgia, where your dream wedding becomes a reality."
The Georgia Club,"Statham, GA",$$$,251-300 Guests,4.8,5,The Georgia Club is a one-of-a-kind wedding venue with customizable floor plans for up to 300 people.
Harrells Vineyard,"Newnan, GA",$$,300+ Guests,0,0,Harrell’s Vineyard is a serene and picturesque wedding venue nestled on 30 acres just outside of Atlanta.
Stone Creek Inn,"Rockmart, GA",$$,101-150 Guests,4.9,8,Stone Creek Inn is a charming wedding venue nestled on 20 acres of rugged wooded land.
Hightower Falls,"Cedartown, GA",$$,251-300 Guests,4.9,92,Hightower Falls is a picturesque wedding venue with a natural 80 ft. waterfall.
Beautiful Beginnings Farm,"Newborn, GA",$,101-150 Guests,5,133,Beautiful Beginnings Farm is owned by a happily married couple who provide a unique wedding experience.
Magnolia Creek Farms,"Adairsville, GA",$$$,300+ Guests,5,5,Magnolia Creek Farms is a countryside setting ideal for weddings and special occasions.
The Tate House,"Tate, GA",$$$,201-250 Guests,4.9,34,The Tate House is a historic wedding venue constructed with Etowah pink marble.
Barn South,"Talmo, GA",,201-250 Guests,5,11,Barn South exemplifies a luxury Southern destination with natural character.
Spring Lake Events,"Rockmart, GA",$$,151-200 Guests,5,20,Spring Lake Events offers a picturesque setting with beautiful lake views.
Downtown Moreland Mill,"Moreland, GA",,,5,2,"Downtown Moreland Mill is rich with historic, old-world charm."
Autumn Oaks of Winder,"Winder, GA",$$,101-150 Guests,5,2,Autumn Oaks of Winder is a charming wedding venue perfect for hosting celebrations.
Swan Lake Overlook,"Dawsonville, GA",$$$,251-300 Guests,5,11,Swan Lake Overlook is a modern and elegant wedding venue nestled in the countryside.
"Thompson House & Gardens, 9 Oaks Farm, & 2425 Warehouse",GA,$$,151-200 Guests,4.9,68,This venue offers three beautiful settings including a stunning vintage Victorian home.
Gaither's at Myrtle Creek Farm,"Covington, GA",$$,151-200 Guests,5,3,Gaither's at Myrtle Creek Farm is a historic setting for weddings and special events.
The Sixty Two,Georgia,$$,151-200 Guests,5,2,"The Sixty Two is a unique wedding venue in Atlanta, GA, offering a luxurious space for celebrations."
2400 On The River,"Ranger, GA",$$$,201-250 Guests,4.9,35,2400 On The River is a rustic riverfront wedding venue surrounded by the Appalachian Mountains.
Juliette Chapel,"Dahlonega, GA",$$,51-100 Guests,5,36,"Juliette Chapel & Events in Dahlonega, GA is a wedding venue ideal for intimate affairs."
1051 Baxter,"Athens, GA",$$,251-300 Guests,5,1,"1051 Baxter is a brand new events facility in the heart of Athens, GA."
Twin Ponds at Riverbend,"Plainville, GA",$$,151-200 Guests,5,1,"Twin Ponds at Riverbend is a breathtaking wedding venue in Plainville, GA."
"Bogle Farm, LLC","Greenville, GA",$$$,251-300 Guests,4.9,45,"Located in Greenville, GA, Bogle Farm, LLC is an award-winning, idyllic wedding venue."
The Chapel Athens,"Athens, GA",$$$,251-300 Guests,5,17,"The Chapel Athens is a pristine downtown estate for weddings, engagements, and anniversaries."
Falling Waters Mountain Lodge,"Ellijay, GA",$$,Outdoor Event Space,5,1,"Falling Waters Mountain Lodge in Ellijay, GA is a rural retreat and wedding venue."
Summit Farm Weddings,"Ellijay, GA",$$,101-150 Guests,4.9,112,Summit Farm Weddings is an enchanting countryside event venue with a panoramic view of the Appalachian Mountains.
255 Milledge | Hardeman-Sams Estate,"Athens, GA",$$$,151-200 Guests,4.9,118,"At 255 Milledge, we believe that life’s greatest moments deserve nothing less than extraordinary celebrations."
Ivy & Oak,"Talking Rock, GA",$$,151-200 Guests,5,35,Ivy & Oak is a breathtaking venue nestled in the North Georgia mountains.
Ott Vineyards and Winery,"Ellijay, GA",$$,Outdoor Event Space,0,0,Ott Vineyards and Winery is a family-owned-and-operated venue for weddings and other special events.
27 on Park,"Dahlonega, GA",$$$,51-100 Guests,5,3,"27 on Park is a boutique hotel and wedding venue located in downtown Dahlonega, GA."
The Venue on Broad,"Athens, GA",$$,201-250 Guests,5,4,The Venue on Broad offers an unparalleled setting for your wedding day.
Taylor Estate,"Rome, GA",$$,Outdoor Event Space,5,2,"The Lodge at Taylor Estate is a newly-built, elegant venue that can accommodate up to 350 guests."
Strawberry Roan Farm's Barn,"Dahlonega, GA",$$,101-150 Guests,5,1,"Strawberry Roan Farm's Barn is a stunning and unique wedding venue located in Dahlonega, GA."
Georgian Hall,"Athens, GA",$$$,201-250 Guests,5,103,"The Georgian Hall is a wedding venue nestled in Athens, GA."
The Falls at Blue Ridge,"Georgia, Destination Wedding",$$$$,251-300 Guests,4.3,4,The Falls at Blue Ridge is a stunning wedding and event venue that offers breathtaking views.
CeNita Venue at CeNita Vineyards & Winery,"Cleveland, GA",$$,151-200 Guests,5,73,CeNita Venue at CeNita Vineyards is a wedding venue in the foothills of the Northeast Georgia Mountains.
South Elm Events,"Commerce GA, Athens GA",$$,101-150 Guests,5,1,"South Elm Events is a breathtaking ceremony bathed in sunlight, an elegant reception filled with laughter."
Cloverleaf Farm,"Athens-Clarke County, Oconee County",$$,300+ Guests,4.9,72,Cloverleaf Farm is a stunning wedding venue set amidst a 30-acre farm just outside of Athens.
Yonah Mountain Vineyards,"Cleveland, GA",$$$,201-250 Guests,4.9,49,"Yonah Mountain Vineyards is a charming, sprawling wedding venue located in Cleveland, GA."
Grant Hill Farms,"Commerce, GA",$$,201-250 Guests,5,68,The Venue at Grant Hill Farms is the perfect place for your wedding or event!
Cormiston Farms,"Clarkesville, GA",$$$,101-150 Guests,5,4,"Cormiston Farms is a scenic country wedding venue located in Clarkesville, GA."
Enotah Valley Event Center,"Blairsville, GA",$$,51-100 Guests,5,5,Enotah Valley is a venue that is a rustic setting for weddings.
Fall Line Station,Georgia,$$$,300+ Guests,4.9,13,Fall Line Station is Macon’s newest wedding and event venue!
Valhalla Resort Hotel,Northeast Georgia,$$,51-100 Guests,5,2,Valhalla Resort Hotel has an elegant ambiance reminiscent of an Old World Scottish Castle.
Wynnewood Grove,"Greater Athens GA area, Northern Atlanta",$$,251-300 Guests,0,0,"Wynnewood Grove is a historic and romantic wedding venue in Lexington, GA."
Butler Hall Events,"Gray, GA",$$,201-250 Guests,5,1,"Butler Hall Events is a historic wedding venue in Gray, Georgia."
McEachin Farm,"Atlanta, GA",$$,101-150 Guests,5,2,"McEachin Farm is a stunning wedding venue in Atlanta, GA."
Brasstown Valley Resort & Spa,"Young Harris, GA",$$$,151-200 Guests,4.9,79,Brasstown Valley Resort & Spa has breathtaking mountain views and unique venues.
Overlook 55,"Young Harris, GA",$$$$,151-200 Guests,5,7,Overlook 55 is a captivating wedding venue that seamlessly blends rustic charm with timeless elegance.
Walnut Hill Farm,"Dalton, GA",$$,300+ Guests,4.8,16,"Majestic mountain views, formal and informal gardens, orchards and a beautifully landscaped pond await you."
The Estate at Stone Creek,Middle Georgia,$$,201-250 Guests,4.8,5,The Estate at Stone Creek offers the perfect setting for the beginning of your happily ever after.
The Ridges Resort on Lake Chatuge,"Hiawassee, GA",$$$,201-250 Guests,4.9,46,This gorgeous waterfront wedding venue is surrounded by the majestic Blue Ridge mountains.
Lake Rabun Hotel & Restaurant,"Lakemont, GA",$$,101-150 Guests,5,2,"Our gorgeous wedding venue has two covered, open-air decks, floor to ceiling wood burning fireplace outside."
Bend of The River,"Hiawassee, GA",$$,N/A,0,0,"Bend of the River is a gorgeous, tranquil wedding venue on Lake Chatuge."
Rustic Vows,"Mineral Bluff, GA",$$,51-100 Guests,0,0,Rustic Vows offers an idyllic barn-style setting for creating bespoke wedding events.
Currahee Club,"Toccoa, GA",$$$,101-150 Guests,5,10,The Currahee Club features serene lake and mountain views offering a unique blend of sophistication and rustic charm.
Meadows at Mossy Creek,"Cleveland, GA",$$$$,251-300 Guests,5,39,This stylish and contemporary property is an ideal place for couples to host their big-day celebrations.
The Dogwood Barn at G5Ranch,"Milledgeville, GA",$$$,300+ Guests,5,16,The Dogwood Barn is a premier wedding venue ideal for rustic romantic events.
Hawkesdene,"Andrews, NC",$$$,101-150 Guests,5,58,Hawkesdene is a Private Mountain Estate located in the mountains of Western North Carolina.
Tryphena's Garden,"Fort Valley, GA",$$,151-200 Guests,4.9,18,The Venue at Tryphena's Garden is a fairytale-like wedding and events venue.
Splendor Mountain,"Tiger, GA",$$,51-100 Guests,4.7,27,Splendor Mountain is the perfect venue for an intimate wedding ceremony and reception.
Cloudland at McLemore Resort,"Rising Fawn, GA",$$$,251-300 Guests,4.2,6,Cloudland at McLemore Resort offers breathtaking views in every direction.
Windsong Willows,"Hayesville, NC",$$,101-150 Guests,5,3,Windsong Willows is a charming new wedding venue designed for couples seeking an authentic nature-based wedding experience.
Skull Shoals Park,"Washington, GA",$$,300+ Guests,0,0,Skull Shoals Park is an outdoor venue with numerous options ideal for couples.
Tiger Mountain Vineyards,"Tiger, GA",$$$,101-150 Guests,5,1,Tiger Mountain Vineyards offers a charming and intimate setting for your outdoor wedding.
Kingsland Farm,"Hawkinsville, GA",$$,151-200 Guests,5,1,Kingsland Farm is a picturesque and reclusive wedding venue surrounded by calm rural beauty.
Forest Hill Park,"Perry, GA",$$,51-100 Guests,4.9,21,Have a beautiful ceremony in a picturesque 1920's white wedding chapel.
The Icehouse Dublin,"Dublin, GA",$$,300+ Guests,0,0,"The Icehouse Dublin is a beautifully restored, historic warehouse that blends Southern style with urban flair."
The Partridge Inn,"Augusta, GA",$$$,101-150 Guests,3.7,3,"The Partridge Inn provides an elegant, timelessly beautiful setting for milestone celebrations."
Augusta Marriott Hotel & Suites,"Augusta, GA",$$,300+ Guests,4.3,6,Augusta Marriott at the Convention Center is a hotel and wedding venue nestled on the Savannah River waterfront.
Padgett's Farm,"Waynesboro, GA",N/A,251-300 Guests,5,1,Padgett's Farm is a gem of a wedding venue nestled on 610 acres of breathtaking nature.
Quinney Oaks Plantation,"Millen, GA",$$,300+ Guests,4.8,18,Our event & wedding venue can make each and every occasion feel special.
